,Particles,z median,z min,z max,T_s mean,T_s std,T_s median,T_s min,T_s max,X mean,X std,X median,X min,X max
10,8192.0,-4981.051828446773,-5425.699865098964,-4629.057757515146,11.4483642578125,11.701133415325788,8.0,0.0,102.0,40473.9240340112,33605.456674139845,38641.33256616637,92.98625559185781,272879.41365886206
100,8192.0,-4950.0222879551675,-5492.897725732681,-3115.6953769159486,119.045166015625,116.4921805779782,85.0,0.0,1105.0,212247.33552554937,156129.74960796727,187006.27768894134,154.62232183589518,1195266.8880830363
200,8192.0,-4910.666608025215,-5498.722630901246,-2853.2876393413403,239.00048828125,234.19234184378703,168.0,0.0,2303.0,302387.50375595025,202398.69055815128,258377.48165995488,421.81081933375725,1694100.7943267005
300,8192.0,-4855.966045271406,-5496.346738078001,-1999.235710399332,359.168212890625,353.0271525462201,251.0,0.0,2675.0,355948.5143224464,229333.9485901231,313815.7890984861,170.1293009659251,2742657.2394213993
400,8192.0,-4815.362345247078,-5497.231741533638,-2433.2545839162763,472.79296875,473.6735185310582,325.5,0.0,4480.0,395788.9758910107,253292.9263322282,355459.699771653,622.6703371143678,2507166.1250997838
500,8192.0,-4776.993007302595,-5497.838343204794,-2268.3992551259007,590.1177978515625,575.6578343950719,411.0,0.0,4480.0,422478.6717327627,271558.6882608441,382451.6278293943,622.6703371143678,2836534.9162265505
1000,8192.0,-4635.4257482493695,-5495.58294032956,-1140.9295256698006,1143.1463623046875,1058.0867026852595,807.5,0.0,4480.0,546124.0002386472,376107.1241429654,469149.39318447484,649.6496115458041,3872416.2886222294
10000,8192.0,-4119.021539881953,-5491.824316587289,-9.0,3727.8323974609375,1317.7759065756898,4480.0,3.0,4480.0,964909.1906380685,690585.29024801,797211.5213917117,14693.517185845663,7317640.3633038
